{"A3ubs/780PXAcC/S8XkV1A==":"logo1.png","XnLT0EKt4mvd7kBptOlhtg==":"gymhall.jpg","LM5w45bKlkH57lnV+CHPhg==":"fitnessclub.jpg","82/ynnQFraggEYA+DN5loQ==":"background1.jpg","vdA8yYUE62t8kYcvfAiLkg==":"background4.jpg","Ryjm08sSbuGyItuhfn8IWw==":"04.jpg","W7wondJUKhjWrGRDFdROFg==":"background2.jpg","SIl9OqgZc+XJVs4R+riFdw==":"menus.jpg","llOfcc3qqZ1Y55Vbj/3Y/w==":"features.jpg","2Rw0FuMTjRzvEjgvXTh6kA==":"articles.jpg","PgkHKz9XnQjl+YyaC4xTvw==":"info.jpg","w6/SwhdCqNVg9zRtHnqMfw==":"testimonials.jpg","XGt7iYZO0v+DhHIh5iy2QA==":"pricing-tables.jpg","uegcpkyl29HXEJwhAovQBQ==":"schedules.jpg","NzssoIiCOSv4umBf5b07zQ==":"social.jpg","6p2Z0C9EULBQ+DTXrLUicw==":"contacts-and-map.jpg","bkjdifaBQaM9ozy9l7/hFw==":"newsletter-and-footers.jpg","5oF7ochfs+IxZLGQ9nGksw==":"titles.jpg","OHyePqTWJgpmLQE3Y9iD8A==":"images-and-videos.jpg","xbR6T7MDM8ihkshpAMGkUw==":"headers.jpg","4VF2H4hPeVIfns/0S3toDw==":"teams.jpg","Iu7In5a/6/jhygTNmrEBBQ==":"slider.jpg"}